customerID,Gender,SeniorCitizen,Partner,Dependents,Tenure,MonthlyCharges,TotalCharges,Churn
CUST1,Male,1,Yes,No,6,96.31,7267.27,Yes
CUST2,Female,0,No,No,34,102.32,1334.64,No
CUST3,Male,0,No,No,54,108.89,1838.7,Yes
CUST4,Male,0,No,No,13,74.45,4194.38,No
CUST5,Male,0,No,Yes,9,40.45,5709.91,No
CUST6,Female,0,Yes,Yes,15,45.53,856.26,No
CUST7,Male,1,No,No,53,49.57,2609.79,No
CUST8,Male,0,Yes,Yes,69,79.38,7752.53,Yes
CUST9,Male,1,Yes,No,43,23.28,2172.51,No
CUST10,Female,1,Yes,Yes,44,83.6,2573.1,Yes
CUST11,Male,0,Yes,No,55,56.44,6708.34,No
CUST12,Male,0,Yes,No,56,49.52,496.69,Yes
CUST13,Male,1,No,Yes,20,107.95,3770.44,No
CUST14,Male,0,No,Yes,67,66.0,3098.97,Yes
CUST15,Female,0,No,No,49,29.51,2601.04,No
CUST16,Male,1,No,No,32,102.67,2357.03,No
CUST17,Female,1,Yes,Yes,6,24.76,821.86,Yes
CUST18,Female,0,No,Yes,69,92.67,2587.12,No
CUST19,Female,1,Yes,No,14,97.39,440.11,No
CUST20,Male,0,No,Yes,31,55.26,6269.61,No
CUST21,Female,0,Yes,No,19,102.48,3246.0,Yes
CUST22,Male,0,Yes,No,14,71.57,3606.84,No
CUST23,Female,1,No,No,47,66.33,7159.4,No
CUST24,Female,1,Yes,No,70,24.54,5298.63,Yes
CUST25,Female,1,Yes,Yes,20,49.0,163.67,Yes
CUST26,Female,1,No,Yes,41,113.1,7551.08,Yes
CUST27,Female,1,Yes,Yes,25,59.18,1973.44,Yes
CUST28,Female,0,No,Yes,13,74.67,950.15,Yes
CUST29,Female,0,No,Yes,56,73.2,6168.21,No
CUST30,Female,0,No,Yes,36,79.04,4053.77,No
CUST31,Male,0,Yes,Yes,57,26.13,3526.79,No
CUST32,Male,1,Yes,No,20,56.22,2071.07,Yes
CUST33,Female,0,Yes,Yes,68,92.31,4425.02,No
CUST34,Female,1,No,Yes,2,40.06,2267.64,Yes
CUST35,Female,0,Yes,No,36,40.36,7222.51,Yes
CUST36,Male,1,No,Yes,48,21.01,1800.12,No
CUST37,Female,1,No,Yes,18,63.75,7086.41,Yes
CUST38,Male,0,Yes,No,11,108.27,4519.3,Yes
CUST39,Male,0,No,Yes,60,25.19,6645.06,No
CUST40,Male,0,Yes,Yes,40,39.11,5731.48,Yes
CUST41,Male,0,Yes,Yes,32,51.01,5603.89,Yes
CUST42,Male,1,Yes,No,49,93.17,2662.33,No
CUST43,Female,0,Yes,Yes,67,84.06,1947.79,Yes
CUST44,Female,0,Yes,Yes,70,61.59,1766.0,Yes
CUST45,Female,1,No,No,32,95.91,6871.81,No
CUST46,Female,0,No,Yes,23,80.96,6581.37,No
CUST47,Female,0,No,No,60,109.6,3580.53,No
CUST48,Male,0,Yes,No,60,101.8,1146.0,No
CUST49,Female,0,Yes,Yes,27,45.28,3119.79,Yes
CUST50,Female,0,Yes,No,57,47.14,4992.81,Yes
CUST51,Male,1,No,No,42,32.54,3689.78,No
CUST52,Female,0,Yes,Yes,40,53.7,6263.5,Yes
CUST53,Male,0,No,No,38,119.95,7981.22,Yes
CUST54,Female,0,No,No,48,60.58,1609.94,No
CUST55,Male,0,Yes,Yes,16,42.05,3731.24,No
CUST56,Female,0,Yes,Yes,69,96.25,3504.77,Yes
CUST57,Female,1,No,Yes,69,74.25,2505.49,No
CUST58,Male,0,Yes,No,64,34.96,1664.95,No
CUST59,Male,1,No,Yes,4,58.07,618.97,No
CUST60,Male,1,Yes,No,1,61.45,7108.24,Yes
CUST61,Male,0,Yes,No,21,95.38,3416.8,No
CUST62,Male,0,No,No,56,22.07,4025.47,Yes
CUST63,Male,0,Yes,No,65,46.9,7343.84,Yes
CUST64,Male,0,No,No,15,71.76,6232.69,Yes
CUST65,Male,1,Yes,No,50,46.88,1130.96,No
CUST66,Female,0,No,No,38,82.84,4566.82,No
CUST67,Female,0,No,Yes,39,68.19,3593.79,No
CUST68,Male,0,Yes,Yes,37,56.17,6397.97,No
CUST69,Female,0,No,No,59,114.92,5821.44,No
CUST70,Female,0,Yes,No,58,83.22,5554.21,Yes
CUST71,Female,0,Yes,Yes,9,32.99,2790.3,Yes
CUST72,Female,1,Yes,No,63,76.01,6459.21,Yes
CUST73,Male,1,No,Yes,62,98.07,513.89,No
CUST74,Female,0,No,Yes,48,90.85,1361.04,Yes
CUST75,Male,0,Yes,Yes,63,37.21,2751.42,Yes
CUST76,Female,0,Yes,No,31,117.24,706.78,No
CUST77,Female,1,No,No,6,64.88,1956.45,No
CUST78,Female,0,Yes,Yes,20,35.9,6658.19,Yes
CUST79,Male,1,Yes,Yes,19,38.02,7591.19,Yes
CUST80,Female,0,No,Yes,25,29.82,2506.36,No
CUST81,Male,0,Yes,Yes,67,100.35,2189.67,No
CUST82,Female,0,No,Yes,14,32.2,2311.15,No
CUST83,Male,0,Yes,No,13,32.51,2293.98,No
CUST84,Female,1,No,Yes,26,105.05,383.85,Yes
CUST85,Male,1,Yes,No,39,54.46,7422.64,Yes
CUST86,Male,0,Yes,Yes,57,23.09,1788.22,No
CUST87,Female,0,No,No,27,25.19,3418.03,Yes
CUST88,Male,1,Yes,No,25,34.22,176.53,Yes
CUST89,Female,1,No,No,62,41.34,6877.85,No
CUST90,Female,1,Yes,No,65,86.51,5876.14,Yes
CUST91,Female,1,No,No,24,35.73,7579.37,Yes
CUST92,Female,0,No,No,2,31.89,6274.76,Yes
CUST93,Female,1,No,Yes,71,96.47,2578.28,No
CUST94,Female,0,No,No,43,87.11,2058.2,No
CUST95,Female,1,Yes,Yes,41,63.53,5611.96,Yes
CUST96,Female,1,Yes,No,5,74.93,2976.49,No
CUST97,Female,1,No,No,38,51.2,4573.1,No
CUST98,Female,1,No,Yes,51,68.25,149.43,No
CUST99,Female,1,No,No,22,70.67,588.9,Yes
CUST100,Male,0,Yes,Yes,49,58.72,4329.41,Yes
CUST101,Male,0,Yes,Yes,42,110.66,4571.97,No
CUST102,Female,1,Yes,Yes,18,21.61,6036.48,Yes
CUST103,Female,1,Yes,Yes,68,98.22,1142.53,Yes
CUST104,Female,0,No,No,50,32.44,4154.15,Yes
CUST105,Female,1,No,No,10,99.75,1636.14,Yes
CUST106,Female,1,No,Yes,11,81.59,836.25,Yes
CUST107,Female,0,Yes,No,7,104.33,3342.92,No
CUST108,Female,1,Yes,No,23,29.75,1390.36,Yes
CUST109,Female,1,Yes,Yes,40,75.9,1852.08,Yes
CUST110,Male,0,No,No,35,70.11,2608.68,Yes
CUST111,Female,0,No,Yes,71,90.62,2149.17,No
CUST112,Male,0,Yes,Yes,54,73.43,791.97,No
CUST113,Female,1,No,No,8,74.07,810.34,No
CUST114,Female,0,Yes,No,46,62.96,1626.67,Yes
CUST115,Male,0,Yes,No,14,50.88,499.42,No
CUST116,Female,0,No,Yes,47,68.23,5049.01,No
CUST117,Male,0,Yes,Yes,41,31.85,2369.88,No
CUST118,Female,0,No,No,59,116.15,2309.99,No
CUST119,Female,0,Yes,No,69,91.44,2722.79,Yes
CUST120,Male,1,No,No,11,115.25,5336.09,No
CUST121,Female,1,No,No,1,42.67,6978.01,No
CUST122,Male,0,No,Yes,6,107.93,6096.79,Yes
CUST123,Female,0,Yes,No,2,100.88,5847.48,Yes
CUST124,Male,0,Yes,Yes,2,87.72,3926.69,No
CUST125,Male,1,No,Yes,26,82.5,5581.06,Yes
CUST126,Female,1,No,No,39,51.65,4466.82,No
CUST127,Female,1,Yes,No,32,101.64,1808.38,Yes
CUST128,Male,1,Yes,No,0,70.15,1747.85,Yes
CUST129,Female,1,Yes,Yes,7,27.09,2441.5,No
CUST130,Female,1,No,No,31,51.29,7295.34,Yes
CUST131,Female,1,Yes,No,47,113.53,4424.58,No
CUST132,Male,1,Yes,Yes,3,105.07,5897.85,Yes
CUST133,Male,1,No,No,69,118.19,2837.81,No
CUST134,Male,0,Yes,Yes,18,82.8,3320.95,Yes
CUST135,Male,0,Yes,No,31,44.75,1091.97,Yes
CUST136,Male,0,Yes,Yes,8,36.28,1453.23,Yes
CUST137,Male,0,No,No,11,38.69,6636.12,Yes
CUST138,Male,1,No,No,10,21.98,4720.23,Yes
CUST139,Male,1,No,Yes,45,59.07,2766.51,No
CUST140,Male,0,No,Yes,15,39.14,6442.52,Yes
CUST141,Female,1,No,No,0,61.17,2047.51,No
CUST142,Male,0,No,Yes,62,113.5,7810.66,No
CUST143,Female,1,No,Yes,20,63.05,2824.06,No
CUST144,Female,0,Yes,Yes,29,107.8,2764.76,Yes
CUST145,Female,1,Yes,Yes,12,80.55,2564.1,No
CUST146,Male,1,No,No,33,44.71,1064.68,Yes
CUST147,Male,0,Yes,No,3,55.59,977.98,No
CUST148,Male,1,Yes,Yes,27,28.39,5220.03,No
CUST149,Male,0,No,Yes,58,53.35,7013.43,No
CUST150,Female,0,Yes,Yes,26,87.75,6345.11,No
CUST151,Male,0,Yes,Yes,68,27.21,1214.75,No
CUST152,Male,0,Yes,No,24,40.54,4410.1,Yes
CUST153,Male,1,Yes,No,2,58.14,934.17,No
CUST154,Male,1,Yes,Yes,67,118.2,457.83,No
CUST155,Male,1,No,Yes,24,98.49,5285.45,Yes
CUST156,Female,0,No,Yes,19,93.35,4327.7,Yes
CUST157,Male,1,No,No,33,31.62,747.99,Yes
CUST158,Female,0,Yes,Yes,25,98.1,376.02,No
CUST159,Male,1,No,No,4,98.53,7919.08,No
CUST160,Female,1,Yes,Yes,60,80.11,337.17,No
CUST161,Male,1,Yes,No,8,119.04,3611.77,No
CUST162,Male,0,Yes,Yes,49,52.53,4086.49,No
CUST163,Female,1,Yes,No,5,114.13,1026.51,No
CUST164,Female,1,No,Yes,59,111.47,1435.59,Yes
CUST165,Female,0,No,Yes,43,21.15,2879.26,Yes
CUST166,Male,1,Yes,Yes,10,65.01,6117.24,No
CUST167,Female,0,No,No,65,117.71,4105.95,No
CUST168,Male,1,Yes,Yes,46,30.31,5139.42,No
CUST169,Male,0,No,No,2,74.78,7882.88,No
CUST170,Female,0,No,No,29,117.9,6167.24,No
CUST171,Female,1,Yes,Yes,20,75.55,3531.46,Yes
CUST172,Male,0,No,Yes,27,38.98,3626.89,Yes
CUST173,Male,0,Yes,Yes,61,78.22,4988.3,No
CUST174,Female,0,No,No,32,40.44,5356.39,Yes
CUST175,Female,0,Yes,Yes,34,71.97,4055.62,No
CUST176,Female,0,Yes,No,51,27.4,5194.4,No
CUST177,Male,0,No,No,33,80.55,285.91,No
CUST178,Male,1,No,Yes,40,71.68,3494.02,Yes
CUST179,Male,0,Yes,Yes,50,94.02,2303.61,Yes
CUST180,Male,0,No,Yes,46,83.07,1120.48,No
CUST181,Male,1,No,Yes,57,74.96,886.42,Yes
CUST182,Male,1,Yes,Yes,56,88.98,4865.22,Yes
CUST183,Female,1,Yes,Yes,22,34.39,4236.44,No
CUST184,Male,1,No,No,47,79.54,2103.31,Yes
CUST185,Male,1,Yes,No,21,37.21,3820.51,Yes
CUST186,Male,1,Yes,No,16,112.55,3988.64,No
CUST187,Female,1,Yes,Yes,68,26.83,1640.57,No
CUST188,Male,0,No,No,10,63.04,5251.54,Yes
CUST189,Male,0,No,No,14,89.58,6269.26,No
CUST190,Female,1,Yes,No,34,65.8,6352.56,Yes
CUST191,Male,0,No,No,32,29.21,4859.51,No
CUST192,Male,0,Yes,No,15,75.34,4141.94,No
CUST193,Male,0,No,Yes,33,84.16,581.96,No
CUST194,Male,1,Yes,Yes,65,90.38,2373.87,No
CUST195,Male,1,Yes,No,39,57.33,836.84,Yes
CUST196,Female,0,No,No,27,76.37,7714.2,No
CUST197,Female,1,Yes,No,46,65.07,1167.13,No
CUST198,Female,0,No,Yes,38,87.21,1299.03,No
CUST199,Male,0,No,Yes,69,78.36,7127.66,Yes
CUST200,Male,0,Yes,No,19,72.58,7557.03,Yes
CUST201,Male,0,Yes,Yes,0,44.95,6150.05,No
CUST202,Female,1,No,Yes,71,20.2,142.7,No
CUST203,Male,1,Yes,No,62,37.41,110.64,No
CUST204,Male,1,Yes,Yes,66,31.71,3087.0,No
CUST205,Female,0,Yes,Yes,3,64.91,1232.82,No
CUST206,Male,1,Yes,No,57,81.23,245.25,No
CUST207,Female,0,Yes,Yes,24,41.31,3766.13,Yes
CUST208,Female,1,No,Yes,46,113.91,7550.19,No
CUST209,Female,0,No,No,37,20.67,2658.17,No
CUST210,Male,0,Yes,Yes,14,97.23,5323.01,No
CUST211,Male,0,Yes,Yes,62,82.52,5252.66,No
CUST212,Male,1,Yes,No,20,57.36,2083.53,No
CUST213,Male,1,No,No,56,25.05,5238.36,No
CUST214,Male,1,Yes,No,52,82.75,1777.44,Yes
CUST215,Male,1,No,Yes,45,58.56,1063.86,Yes
CUST216,Male,0,No,No,13,113.63,5640.93,Yes
CUST217,Female,1,No,Yes,16,74.2,996.18,Yes
CUST218,Male,1,Yes,No,38,113.97,7975.58,Yes
CUST219,Female,0,No,Yes,8,42.05,1549.27,Yes
CUST220,Male,0,Yes,No,5,92.57,4793.72,No
CUST221,Male,0,No,No,22,81.72,3349.86,No
CUST222,Male,1,Yes,No,58,93.94,1098.45,No
CUST223,Female,0,No,No,45,41.47,319.97,No
CUST224,Female,0,Yes,Yes,37,86.5,5019.59,No
CUST225,Female,0,No,No,13,69.8,6473.38,No
CUST226,Female,1,Yes,No,71,94.28,6751.92,Yes
CUST227,Male,0,Yes,Yes,61,52.7,3913.44,No
CUST228,Female,1,Yes,No,34,109.01,6241.9,Yes
CUST229,Male,1,Yes,Yes,18,28.43,5415.49,Yes
CUST230,Male,0,No,No,29,100.72,5821.61,No
CUST231,Female,0,No,No,24,106.13,3991.53,No
CUST232,Female,1,Yes,No,39,101.73,5103.95,No
CUST233,Female,0,No,Yes,13,71.27,6463.65,No
CUST234,Female,0,Yes,No,25,63.84,3243.28,No
CUST235,Female,1,Yes,No,21,119.63,6467.23,No
CUST236,Female,1,No,No,47,42.92,4776.93,No
CUST237,Female,0,Yes,Yes,50,74.69,1410.62,Yes
CUST238,Female,1,Yes,Yes,2,87.07,295.0,No
CUST239,Male,0,No,No,41,90.09,2965.75,No
CUST240,Female,0,Yes,Yes,18,40.4,4418.9,Yes
CUST241,Female,0,Yes,No,27,85.4,6734.58,No
CUST242,Male,1,Yes,No,44,101.84,1107.14,No
CUST243,Female,0,Yes,No,70,25.0,6421.63,Yes
CUST244,Male,0,No,No,62,111.15,6917.77,No
CUST245,Male,0,No,No,18,22.95,1290.43,No
CUST246,Female,1,No,No,46,55.6,6827.6,No
CUST247,Male,1,Yes,No,13,21.58,7932.48,No
CUST248,Male,1,Yes,Yes,37,27.71,5842.03,No
CUST249,Male,1,No,Yes,52,111.12,6299.68,No
CUST250,Male,1,Yes,Yes,60,55.49,7955.88,Yes
CUST251,Female,0,Yes,Yes,35,62.48,4883.3,No
CUST252,Male,1,Yes,Yes,39,41.53,2532.3,No
CUST253,Female,1,Yes,Yes,29,79.71,6716.49,Yes
CUST254,Male,1,No,Yes,8,79.48,4954.44,Yes
CUST255,Male,0,No,No,63,57.22,4691.44,No
CUST256,Male,1,No,No,32,53.3,2103.72,Yes
CUST257,Male,1,Yes,No,51,108.5,6075.04,No
CUST258,Female,0,No,No,13,58.33,745.17,No
CUST259,Female,1,No,Yes,52,69.35,7401.87,Yes
CUST260,Male,0,Yes,Yes,58,48.33,2674.01,No
CUST261,Male,0,Yes,No,40,98.68,1109.42,No
CUST262,Female,0,No,No,67,59.74,3594.7,Yes
CUST263,Male,0,No,Yes,67,71.36,435.51,Yes
CUST264,Male,0,No,No,7,45.34,5508.55,Yes
CUST265,Male,1,No,No,1,118.77,7231.37,Yes
CUST266,Female,0,Yes,No,40,49.15,6714.38,No
CUST267,Female,0,No,No,54,97.07,1106.22,Yes
CUST268,Female,1,No,Yes,15,62.75,1097.54,Yes
CUST269,Male,0,Yes,No,61,40.62,6526.13,Yes
CUST270,Male,1,No,No,47,99.97,7401.61,Yes
CUST271,Female,1,Yes,Yes,29,53.36,3739.29,Yes
CUST272,Female,1,Yes,Yes,11,106.52,4041.87,No
CUST273,Female,0,Yes,No,34,111.53,2614.27,Yes
CUST274,Female,0,No,Yes,10,105.98,7164.69,No
CUST275,Male,0,No,No,63,23.5,5194.73,Yes
CUST276,Female,1,Yes,No,49,98.74,2377.19,Yes
CUST277,Male,0,No,Yes,20,61.13,2460.38,Yes
CUST278,Female,0,No,No,68,107.37,7140.48,Yes
CUST279,Male,0,Yes,No,47,83.8,207.71,Yes
CUST280,Female,1,Yes,No,19,103.36,2649.54,Yes
CUST281,Female,1,No,No,66,69.94,4479.42,Yes
CUST282,Female,0,Yes,Yes,43,73.5,1270.92,Yes
CUST283,Female,0,No,Yes,32,34.44,827.58,No
CUST284,Male,0,No,No,60,98.4,6540.68,Yes
CUST285,Female,0,No,Yes,8,61.94,7165.79,No
CUST286,Male,1,No,No,67,70.01,6606.49,Yes
CUST287,Male,1,Yes,No,34,98.51,7200.42,No
CUST288,Male,1,Yes,No,64,79.88,4469.58,Yes
CUST289,Male,1,Yes,No,7,40.11,6516.84,Yes
CUST290,Female,0,Yes,No,44,79.02,3133.94,Yes
CUST291,Male,0,No,Yes,46,60.76,5363.52,No
CUST292,Male,0,No,No,39,66.95,7911.8,No
CUST293,Male,1,Yes,Yes,53,22.83,1883.25,No
CUST294,Female,0,No,Yes,45,41.0,3180.21,No
CUST295,Female,1,No,No,46,48.1,3892.37,Yes
CUST296,Female,1,No,No,14,91.3,1190.32,Yes
CUST297,Female,0,Yes,No,18,21.15,740.21,Yes
CUST298,Male,0,Yes,No,25,60.88,6654.81,No
CUST299,Male,0,Yes,No,51,112.4,7816.68,Yes
CUST300,Female,1,No,Yes,21,31.19,3297.33,No
CUST301,Male,0,Yes,No,20,71.64,792.43,No
CUST302,Male,1,Yes,No,50,98.65,619.91,No
CUST303,Male,0,Yes,Yes,37,114.25,7141.41,No
CUST304,Female,1,Yes,Yes,19,94.68,3764.13,No
CUST305,Female,1,Yes,No,28,92.06,2628.22,Yes
CUST306,Male,0,Yes,Yes,50,102.65,3864.04,No
CUST307,Female,1,No,No,3,64.62,2614.6,No
CUST308,Female,1,No,Yes,54,100.58,3963.38,Yes
CUST309,Female,0,Yes,Yes,70,20.8,6890.5,No
CUST310,Female,1,Yes,No,27,112.46,4779.18,No
CUST311,Female,0,No,Yes,3,64.33,5587.76,Yes
CUST312,Male,1,No,Yes,21,75.34,2980.9,Yes
CUST313,Female,0,Yes,Yes,44,45.49,5934.2,Yes
CUST314,Male,0,Yes,Yes,66,94.25,5366.27,No
CUST315,Male,1,Yes,Yes,65,27.66,1044.54,Yes
CUST316,Female,1,Yes,Yes,33,107.26,4623.88,Yes
CUST317,Male,1,No,No,54,102.81,2128.27,Yes
CUST318,Male,1,Yes,No,0,41.61,6452.36,No
CUST319,Male,1,Yes,Yes,71,100.93,3464.91,Yes
CUST320,Female,0,Yes,No,37,98.64,7958.0,No
CUST321,Female,1,Yes,No,5,83.22,830.75,No
CUST322,Male,0,No,No,24,57.35,6264.75,Yes
CUST323,Female,0,No,Yes,16,47.15,5422.24,No
CUST324,Female,1,No,No,60,43.18,6163.24,No
CUST325,Female,0,Yes,Yes,11,51.86,2529.49,Yes
CUST326,Female,0,Yes,No,5,110.36,3987.23,No
CUST327,Male,0,No,Yes,26,27.76,6392.42,Yes
CUST328,Male,0,Yes,Yes,7,102.89,1937.08,No
CUST329,Female,1,Yes,No,64,54.89,1885.66,No
CUST330,Female,0,No,No,56,72.16,4453.3,Yes
CUST331,Male,1,No,Yes,39,99.45,4236.15,Yes
CUST332,Male,1,No,No,13,108.44,2329.87,No
CUST333,Female,0,No,No,34,54.48,2454.8,No
CUST334,Male,1,Yes,No,47,66.18,2294.98,Yes
CUST335,Female,1,Yes,Yes,55,61.45,6194.95,No
CUST336,Female,1,No,Yes,48,21.33,5250.02,No
CUST337,Male,0,Yes,No,12,49.59,6676.1,No
CUST338,Male,1,No,No,60,65.92,7806.24,No
CUST339,Female,1,No,No,48,61.11,3845.9,Yes
CUST340,Female,1,Yes,Yes,45,92.19,626.88,Yes
CUST341,Male,0,No,Yes,61,58.48,479.93,Yes
CUST342,Female,1,Yes,No,7,68.94,2435.75,Yes
CUST343,Male,0,Yes,No,42,62.96,7467.1,Yes
CUST344,Female,0,Yes,No,19,94.06,4233.38,Yes
CUST345,Male,0,Yes,No,38,106.3,2247.11,No
CUST346,Male,0,No,No,48,73.19,3253.42,Yes
CUST347,Male,0,Yes,No,63,98.94,4828.9,No
CUST348,Female,0,No,Yes,61,49.68,5258.3,No
CUST349,Female,1,No,No,53,74.14,1315.96,No
CUST350,Male,0,No,Yes,8,54.52,7818.55,Yes
CUST351,Female,1,No,No,36,61.42,4403.7,No
CUST352,Male,1,Yes,No,48,93.24,1171.94,Yes
CUST353,Male,0,Yes,Yes,40,108.17,7159.72,No
CUST354,Female,1,No,Yes,16,32.15,689.64,No
CUST355,Female,1,No,Yes,20,83.46,7271.11,Yes
CUST356,Male,1,Yes,Yes,50,78.21,7972.87,No
CUST357,Female,1,No,No,58,31.84,5633.41,No
CUST358,Female,0,Yes,Yes,38,41.19,6186.53,No
CUST359,Male,1,No,No,54,51.1,2764.69,No
CUST360,Male,0,Yes,Yes,40,36.69,7538.46,Yes
CUST361,Female,1,No,No,38,44.37,4284.74,No
CUST362,Male,1,No,No,12,46.76,5885.87,No
CUST363,Male,0,Yes,No,63,53.57,7400.45,Yes
CUST364,Female,1,No,No,10,94.94,7803.92,No
CUST365,Male,1,No,No,18,77.19,6682.31,No
CUST366,Male,1,Yes,No,10,118.62,2493.84,No
CUST367,Female,0,No,Yes,45,61.47,7735.73,No
CUST368,Female,1,Yes,No,44,95.39,5062.14,Yes
CUST369,Male,0,Yes,Yes,0,107.15,7452.08,No
CUST370,Male,1,No,Yes,39,87.9,5441.23,Yes
CUST371,Female,0,No,No,18,61.19,2527.19,No
CUST372,Female,0,No,Yes,71,95.36,3023.19,No
CUST373,Female,1,No,No,71,40.37,4448.73,No
CUST374,Female,1,No,Yes,60,52.76,6341.12,Yes
CUST375,Male,0,No,No,11,74.67,2612.06,No
CUST376,Female,0,No,Yes,60,77.54,4679.88,No
CUST377,Female,1,Yes,No,32,22.21,2830.44,Yes
CUST378,Male,0,No,No,44,114.51,6544.58,Yes
CUST379,Female,1,Yes,No,68,89.66,3787.15,Yes
CUST380,Male,1,No,No,7,69.57,706.11,Yes
CUST381,Female,1,No,Yes,24,113.31,1411.81,No
CUST382,Female,1,Yes,No,45,63.91,582.73,No
CUST383,Female,0,No,Yes,29,118.04,4044.49,No
CUST384,Male,1,No,Yes,46,71.23,940.06,No
CUST385,Male,0,Yes,Yes,48,31.43,1001.71,Yes
CUST386,Female,1,No,No,46,96.48,7534.28,No
CUST387,Male,0,No,Yes,17,87.89,6993.98,No
CUST388,Male,1,No,Yes,65,97.3,3671.48,No
CUST389,Male,0,Yes,Yes,67,115.14,7887.86,No
CUST390,Male,0,No,No,32,97.65,101.47,Yes
CUST391,Male,1,No,No,35,81.13,4950.44,No
CUST392,Male,1,No,Yes,18,105.73,4969.78,No
CUST393,Female,1,No,No,27,87.32,3713.8,No
CUST394,Female,1,Yes,No,39,60.81,3235.89,Yes
CUST395,Male,0,Yes,Yes,14,108.56,3697.53,Yes
CUST396,Female,1,No,Yes,40,42.19,3378.19,No
CUST397,Female,0,No,No,38,91.46,5870.89,No
CUST398,Female,0,Yes,Yes,1,108.16,1169.31,No
CUST399,Female,1,Yes,No,62,93.13,1661.35,Yes
CUST400,Male,0,No,No,28,89.73,1526.09,No
CUST401,Female,0,Yes,No,65,95.26,2173.52,No
CUST402,Female,0,No,No,50,66.51,4249.54,No
CUST403,Male,0,Yes,No,9,107.42,978.55,Yes
CUST404,Male,1,Yes,No,13,40.34,6958.54,No
CUST405,Female,1,Yes,Yes,50,32.74,2449.16,No
CUST406,Female,1,Yes,Yes,38,48.55,1384.05,Yes
CUST407,Female,1,No,No,27,73.16,5437.41,Yes
CUST408,Female,0,Yes,No,2,71.06,400.88,No
CUST409,Female,0,Yes,No,69,102.06,4997.75,Yes
CUST410,Female,1,No,Yes,26,60.46,5615.77,No
CUST411,Male,1,Yes,No,1,68.43,1797.84,Yes
CUST412,Female,1,Yes,Yes,37,21.34,431.52,Yes
CUST413,Female,0,No,No,2,60.97,2972.8,No
CUST414,Male,1,Yes,No,15,84.78,878.89,No
CUST415,Male,1,No,Yes,39,21.55,1020.18,No
CUST416,Male,1,No,Yes,1,48.09,2108.66,Yes
CUST417,Male,0,No,No,40,40.8,2434.2,No
CUST418,Female,0,No,No,11,24.2,4286.77,No
CUST419,Female,0,Yes,No,34,67.93,5459.3,No
CUST420,Female,0,No,Yes,64,38.17,4782.89,No
CUST421,Female,0,Yes,Yes,54,94.31,1272.05,No
CUST422,Female,0,Yes,Yes,44,104.79,1459.48,Yes
CUST423,Female,0,Yes,Yes,61,74.56,7042.28,No
CUST424,Male,0,Yes,Yes,48,118.17,4510.98,No
CUST425,Female,1,Yes,Yes,24,65.05,6972.51,Yes
CUST426,Male,1,Yes,No,22,71.34,3035.22,No
CUST427,Male,0,Yes,No,23,118.92,4953.76,No
CUST428,Female,0,Yes,Yes,37,43.15,4236.94,No
CUST429,Male,1,Yes,No,27,114.25,2621.08,No
CUST430,Female,0,Yes,No,20,24.28,3812.33,No
CUST431,Male,0,No,Yes,53,64.64,4069.68,Yes
CUST432,Female,0,No,No,17,27.0,1686.09,Yes
CUST433,Male,1,No,Yes,35,92.92,2588.58,Yes
CUST434,Female,1,Yes,Yes,44,80.84,6352.14,No
CUST435,Female,1,No,No,52,90.66,7334.73,Yes
CUST436,Female,1,No,Yes,29,57.45,2942.37,No
CUST437,Female,1,No,Yes,59,56.95,2525.08,No
CUST438,Female,0,Yes,Yes,31,24.53,1642.06,No
CUST439,Male,1,Yes,Yes,66,54.99,5460.08,Yes
CUST440,Male,0,Yes,Yes,66,112.93,2652.49,Yes
CUST441,Male,0,Yes,Yes,27,57.92,7903.22,Yes
CUST442,Female,1,No,Yes,43,103.14,2672.91,No
CUST443,Male,1,No,Yes,40,104.23,3213.67,Yes
CUST444,Female,0,No,No,62,57.32,4866.34,No
CUST445,Female,0,No,No,22,83.2,6433.31,Yes
CUST446,Male,0,Yes,No,47,29.54,3809.2,Yes
CUST447,Male,1,Yes,Yes,31,30.37,3438.98,No
CUST448,Female,1,Yes,Yes,56,24.87,7965.54,No
CUST449,Male,1,No,No,32,78.1,182.9,Yes
CUST450,Female,1,Yes,No,23,62.61,7171.02,Yes
CUST451,Female,1,Yes,No,38,74.8,1278.21,Yes
CUST452,Female,0,No,Yes,33,72.11,6308.81,No
CUST453,Female,1,No,No,55,55.02,4981.66,No
CUST454,Female,0,Yes,No,27,87.75,2800.59,Yes
CUST455,Male,0,Yes,Yes,36,95.85,7003.61,Yes
CUST456,Male,0,Yes,No,6,21.46,201.97,No
CUST457,Female,1,Yes,Yes,67,40.72,1890.86,Yes
CUST458,Female,1,Yes,Yes,36,91.32,4578.45,No
CUST459,Male,1,Yes,Yes,55,58.66,2877.18,No
CUST460,Male,0,No,No,64,86.25,4921.98,No
CUST461,Female,0,No,No,64,54.7,290.47,No
CUST462,Male,0,No,Yes,46,59.08,1020.03,No
CUST463,Female,0,Yes,No,19,35.87,1104.06,No
CUST464,Male,0,No,No,18,45.82,1595.34,Yes
CUST465,Female,0,Yes,No,28,80.54,3728.72,No
CUST466,Male,1,Yes,No,59,63.32,6041.82,No
CUST467,Female,1,No,Yes,17,97.43,7253.76,Yes
CUST468,Male,1,Yes,No,34,105.26,6699.44,No
CUST469,Male,1,Yes,Yes,42,74.16,1655.41,Yes
CUST470,Female,0,No,Yes,10,95.83,3585.09,No
CUST471,Male,0,No,No,48,50.69,1675.35,Yes
CUST472,Female,1,No,Yes,37,61.5,2189.33,Yes
CUST473,Male,0,Yes,No,63,91.28,4078.02,No
CUST474,Female,1,No,No,68,58.62,638.06,No
CUST475,Male,1,No,Yes,7,78.85,1823.58,No
CUST476,Female,1,Yes,Yes,33,38.54,7489.49,No
CUST477,Male,0,No,Yes,47,79.98,3782.32,Yes
CUST478,Female,1,No,Yes,55,106.15,3618.55,Yes
CUST479,Male,1,No,No,64,106.86,215.08,Yes
CUST480,Female,1,Yes,No,30,92.43,2054.46,No
CUST481,Female,0,Yes,No,3,94.58,6943.71,Yes
CUST482,Female,0,Yes,Yes,49,75.79,1400.56,No
CUST483,Male,1,Yes,Yes,68,78.47,3379.49,No
CUST484,Female,0,No,Yes,29,33.37,213.21,Yes
CUST485,Male,0,Yes,No,58,64.39,3878.85,No
CUST486,Female,0,Yes,Yes,66,65.08,266.07,Yes
CUST487,Male,0,No,No,44,115.85,6574.92,No
CUST488,Female,0,No,Yes,3,63.11,6616.34,Yes
CUST489,Male,0,No,No,25,74.93,6323.16,No
CUST490,Male,0,Yes,No,26,73.33,2338.58,Yes
CUST491,Female,0,Yes,Yes,45,83.68,6714.17,Yes
CUST492,Male,0,Yes,Yes,63,94.82,4389.69,No
CUST493,Male,0,No,No,50,42.5,3053.08,No
CUST494,Female,1,No,No,49,72.87,5040.11,Yes
CUST495,Male,1,Yes,Yes,5,102.59,197.49,No
CUST496,Male,0,No,Yes,58,66.31,1229.39,No
CUST497,Male,1,No,No,14,47.85,5964.12,No
CUST498,Female,1,No,Yes,29,85.47,2028.88,Yes
CUST499,Male,0,Yes,No,41,102.38,4824.27,Yes
CUST500,Female,0,No,No,36,26.31,3142.31,No
CUST501,Male,0,No,Yes,41,97.68,6852.97,No
CUST502,Male,1,Yes,Yes,34,102.16,7624.08,Yes
CUST503,Male,1,Yes,Yes,5,66.15,7080.16,No
CUST504,Female,0,No,Yes,67,118.33,2237.9,Yes
CUST505,Male,0,No,Yes,17,98.67,1633.89,No
CUST506,Male,0,Yes,No,28,97.37,3848.04,No
CUST507,Female,1,Yes,No,58,94.78,157.94,No
CUST508,Male,1,No,Yes,46,35.06,303.89,Yes
CUST509,Female,1,No,Yes,16,41.72,4471.0,Yes
CUST510,Female,1,No,Yes,21,66.4,4211.55,Yes
CUST511,Male,0,No,No,67,46.4,7957.2,Yes
CUST512,Female,0,Yes,Yes,68,61.52,1694.55,No
CUST513,Male,0,No,Yes,36,108.85,2139.02,No
CUST514,Female,0,No,No,48,102.43,996.97,Yes
CUST515,Female,1,Yes,No,12,83.0,7348.59,No
CUST516,Male,1,No,Yes,33,105.81,6244.71,No
CUST517,Female,0,Yes,Yes,52,98.38,6596.48,Yes
CUST518,Female,0,No,Yes,50,62.9,7231.83,No
CUST519,Female,1,No,No,2,40.11,4246.71,No
CUST520,Female,0,Yes,Yes,41,71.42,3664.43,Yes
CUST521,Female,1,Yes,Yes,31,93.62,2710.09,No
CUST522,Male,0,No,Yes,50,63.64,4754.8,No
CUST523,Female,0,No,No,45,86.68,3688.8,No
CUST524,Male,0,No,No,20,29.43,3667.37,Yes
CUST525,Female,0,Yes,Yes,43,94.8,7501.73,Yes
CUST526,Male,0,No,Yes,10,101.27,7873.85,No
CUST527,Male,0,Yes,No,67,90.68,6392.23,No
CUST528,Female,0,Yes,No,0,116.73,6078.39,No
CUST529,Female,1,No,No,62,102.67,5476.41,Yes
CUST530,Female,1,Yes,No,23,110.31,1411.99,Yes
CUST531,Male,1,No,No,12,113.36,566.94,Yes
CUST532,Female,1,No,No,10,100.13,5556.74,No
CUST533,Male,1,No,No,50,87.43,5857.41,No
CUST534,Male,0,No,No,16,20.57,471.09,No
CUST535,Male,0,No,No,23,66.58,7431.61,No
CUST536,Female,1,Yes,Yes,18,77.12,820.01,No
CUST537,Female,0,Yes,Yes,36,50.4,2358.61,Yes
CUST538,Male,1,No,Yes,7,51.81,5411.88,No
CUST539,Male,1,No,No,27,116.12,1441.99,No
CUST540,Female,0,Yes,Yes,4,109.17,537.79,No
CUST541,Male,0,Yes,No,16,104.92,2716.06,Yes
CUST542,Female,0,Yes,No,35,60.6,6151.18,No
CUST543,Male,1,Yes,Yes,18,21.37,3368.06,Yes
CUST544,Female,0,No,No,63,28.02,5258.49,Yes
CUST545,Male,1,No,Yes,10,51.22,4678.99,Yes
CUST546,Female,1,Yes,Yes,53,21.57,275.53,Yes
CUST547,Male,1,No,Yes,44,21.71,7909.47,Yes
CUST548,Female,0,Yes,No,46,111.66,427.28,No
CUST549,Female,0,No,Yes,11,90.62,7745.64,No
CUST550,Male,1,Yes,No,20,50.9,4443.93,Yes
CUST551,Male,0,No,Yes,10,33.26,7708.96,Yes
CUST552,Female,0,Yes,Yes,4,71.16,1006.55,Yes
CUST553,Male,0,Yes,Yes,55,20.53,3974.23,No
CUST554,Female,1,No,No,19,113.84,1439.08,No
CUST555,Male,1,Yes,No,40,61.48,502.7,Yes
CUST556,Female,0,No,No,45,60.23,4978.48,No
CUST557,Female,1,No,Yes,11,59.06,1741.49,No
CUST558,Female,0,Yes,Yes,69,26.93,4742.81,Yes
CUST559,Female,0,No,No,16,83.83,987.68,Yes
CUST560,Female,0,No,No,18,93.3,2722.69,No
CUST561,Female,0,No,No,25,87.61,6274.9,No
CUST562,Male,1,No,No,47,33.84,3552.71,No
CUST563,Male,1,No,No,51,77.88,5059.19,Yes
CUST564,Male,1,Yes,No,69,76.95,5214.92,Yes
CUST565,Female,0,No,Yes,54,106.84,6765.66,Yes
CUST566,Female,0,No,No,32,57.91,2666.89,No
CUST567,Female,0,No,Yes,61,57.15,5529.63,No
CUST568,Female,1,No,Yes,22,81.85,7696.76,Yes
CUST569,Male,0,No,No,14,83.31,5868.92,No
CUST570,Male,1,Yes,No,26,66.93,3969.98,Yes
CUST571,Female,1,No,Yes,63,64.31,5082.67,No
CUST572,Male,1,Yes,No,50,69.41,5943.49,Yes
CUST573,Male,1,Yes,No,52,106.1,4936.98,No
CUST574,Female,1,Yes,Yes,50,66.12,231.74,No
CUST575,Male,1,Yes,Yes,46,113.99,1638.71,Yes
CUST576,Female,0,No,Yes,3,70.4,6502.7,Yes
CUST577,Male,0,Yes,No,6,114.92,2253.94,Yes
CUST578,Female,1,Yes,Yes,34,103.28,5879.34,Yes
CUST579,Female,1,No,No,47,56.24,3039.75,Yes
CUST580,Female,0,No,Yes,71,106.36,4222.89,No
CUST581,Female,1,No,Yes,44,31.01,636.99,Yes
CUST582,Male,1,Yes,Yes,71,112.5,1531.68,Yes
CUST583,Female,0,No,No,18,83.16,7661.86,Yes
CUST584,Female,1,No,No,62,25.44,7132.09,Yes
CUST585,Female,1,Yes,Yes,37,84.43,5252.97,Yes
CUST586,Male,1,No,Yes,66,117.42,3731.19,No
CUST587,Female,0,No,Yes,58,26.98,5438.51,Yes
CUST588,Male,0,No,No,68,75.47,4987.02,Yes
CUST589,Female,0,No,Yes,12,94.78,4591.56,Yes
CUST590,Male,1,Yes,No,46,101.03,567.5,No
CUST591,Male,1,No,Yes,60,61.38,5099.14,No
CUST592,Female,0,No,Yes,30,40.42,6174.47,Yes
CUST593,Male,1,Yes,Yes,21,24.23,7953.25,Yes
CUST594,Female,1,No,Yes,42,77.97,187.52,No
CUST595,Female,1,Yes,Yes,66,65.29,5868.37,No
CUST596,Female,1,No,Yes,53,114.87,4617.14,No
CUST597,Male,1,Yes,No,9,26.06,3529.01,Yes
CUST598,Male,0,Yes,Yes,41,88.54,1107.8,Yes
CUST599,Female,1,Yes,No,63,22.5,3331.77,No
CUST600,Female,0,Yes,Yes,20,37.14,2899.58,Yes
CUST601,Male,1,No,Yes,65,65.36,2492.36,No
CUST602,Female,0,Yes,No,40,65.49,5873.95,No
CUST603,Female,1,No,Yes,23,88.57,5635.73,No
CUST604,Female,0,Yes,No,34,111.02,4753.26,Yes
CUST605,Male,1,Yes,No,55,83.9,7515.45,No
CUST606,Male,0,Yes,Yes,29,115.35,2863.85,No
CUST607,Male,1,No,No,56,108.16,2026.04,Yes
CUST608,Female,0,Yes,No,46,78.45,5281.64,No
CUST609,Female,1,No,Yes,34,103.38,1670.63,Yes
CUST610,Female,0,No,No,18,84.26,2588.58,No
CUST611,Male,0,No,Yes,7,27.86,1874.36,Yes
CUST612,Female,1,No,Yes,25,94.06,646.31,No
CUST613,Female,1,No,Yes,70,29.49,6637.24,No
CUST614,Female,0,No,Yes,29,79.41,2110.87,No
CUST615,Female,1,No,No,6,90.26,3836.92,No
CUST616,Male,0,No,Yes,66,26.65,442.19,No
CUST617,Male,0,No,Yes,64,43.08,5624.78,Yes
CUST618,Female,0,Yes,No,35,111.57,2711.43,Yes
CUST619,Male,1,Yes,Yes,24,81.63,5983.42,No
CUST620,Male,0,Yes,Yes,36,44.63,3357.98,No
CUST621,Female,0,Yes,No,0,89.07,1646.47,No
CUST622,Female,1,Yes,No,14,79.68,4154.08,Yes
CUST623,Male,1,No,No,36,70.16,1130.99,Yes
CUST624,Female,1,No,No,12,117.62,3580.26,No
CUST625,Male,1,No,No,7,88.35,2606.71,Yes
CUST626,Female,0,No,No,4,57.54,7304.48,No
CUST627,Male,0,No,No,59,100.01,581.34,No
CUST628,Female,0,No,Yes,0,108.46,5582.74,No
CUST629,Male,0,No,No,35,32.52,1543.73,Yes
CUST630,Male,1,Yes,No,34,40.06,2620.46,No
CUST631,Male,0,Yes,No,65,41.62,3382.56,No
CUST632,Female,0,Yes,Yes,62,89.12,7273.32,No
CUST633,Male,1,Yes,Yes,22,80.3,2016.37,Yes
CUST634,Male,0,No,No,8,81.9,821.34,Yes
CUST635,Female,0,No,No,33,114.08,2617.65,Yes
CUST636,Female,0,No,No,45,97.59,926.94,No
CUST637,Male,0,Yes,Yes,3,32.79,1115.91,Yes
CUST638,Male,0,No,Yes,29,54.75,4633.42,No
CUST639,Female,0,No,No,71,63.54,581.13,Yes
CUST640,Female,1,No,Yes,2,59.6,344.35,No
CUST641,Female,1,Yes,No,13,86.93,5743.87,Yes
CUST642,Female,0,No,Yes,59,109.19,2957.01,No
CUST643,Female,0,Yes,Yes,44,50.61,1090.47,Yes
CUST644,Male,1,Yes,No,33,75.19,2103.54,Yes
CUST645,Female,0,Yes,No,44,98.94,5172.48,Yes
CUST646,Male,0,Yes,No,60,61.62,2276.74,No
CUST647,Male,0,No,No,15,36.81,4006.72,Yes
CUST648,Male,1,Yes,Yes,65,67.5,1061.39,Yes
CUST649,Female,0,Yes,Yes,39,25.52,4745.94,Yes
CUST650,Male,1,No,Yes,16,114.24,2597.01,Yes
CUST651,Male,0,No,No,33,27.48,5053.05,No
CUST652,Female,1,Yes,Yes,15,63.85,6486.32,Yes
CUST653,Male,1,No,No,59,72.99,4932.01,No
CUST654,Male,0,Yes,Yes,65,118.53,2436.41,No
CUST655,Female,1,Yes,No,65,36.6,2120.38,No
CUST656,Male,0,Yes,No,12,31.44,2686.63,No
CUST657,Male,1,Yes,Yes,55,20.87,1400.5,Yes
CUST658,Male,0,No,No,30,35.56,1531.26,No
CUST659,Female,0,Yes,No,33,40.73,6346.46,No
CUST660,Female,1,No,Yes,38,83.06,3139.39,No
CUST661,Female,0,No,No,66,41.97,3544.36,No
CUST662,Male,0,No,No,7,22.05,4792.99,Yes
CUST663,Male,1,No,No,54,102.66,4758.26,Yes
CUST664,Female,0,Yes,Yes,26,56.56,632.28,No
CUST665,Male,0,No,Yes,52,55.37,6669.17,No
CUST666,Male,1,Yes,No,38,50.25,1500.88,No
CUST667,Female,1,No,Yes,64,117.54,5812.27,Yes
CUST668,Female,0,No,No,16,37.01,6204.1,Yes
CUST669,Male,0,Yes,No,29,109.82,5747.71,Yes
CUST670,Male,1,Yes,No,52,97.68,4673.92,Yes
CUST671,Male,1,Yes,No,12,27.65,215.41,Yes
CUST672,Female,0,No,No,20,118.67,2946.97,No
CUST673,Female,1,No,Yes,18,47.14,4878.23,Yes
CUST674,Female,0,Yes,No,52,29.86,3160.87,Yes
CUST675,Female,0,Yes,Yes,18,102.93,6921.49,No
CUST676,Male,0,Yes,Yes,56,90.67,2539.54,Yes
CUST677,Female,0,Yes,No,24,81.72,2418.92,Yes
CUST678,Female,0,No,No,30,35.6,2201.38,Yes
CUST679,Female,1,Yes,Yes,54,67.85,2728.97,No
CUST680,Female,1,Yes,Yes,22,98.06,4503.5,Yes
CUST681,Female,1,Yes,Yes,31,50.36,5685.42,No
CUST682,Male,1,Yes,No,61,51.17,5334.29,No
CUST683,Male,0,No,Yes,9,20.31,6480.97,Yes
CUST684,Female,0,Yes,No,71,37.42,7098.72,Yes
CUST685,Male,0,No,No,53,107.54,6547.02,Yes
CUST686,Female,0,Yes,No,51,64.17,249.67,Yes
CUST687,Female,1,Yes,Yes,19,118.42,5913.75,No
CUST688,Male,0,No,No,31,59.57,1746.36,Yes
CUST689,Male,0,Yes,No,13,91.52,1150.13,No
CUST690,Female,1,No,No,49,48.19,5144.06,No
CUST691,Female,1,No,No,27,56.38,2625.97,No
CUST692,Female,1,Yes,No,52,39.07,551.23,No
CUST693,Male,1,No,Yes,23,54.71,1187.27,No
CUST694,Female,0,No,No,21,74.72,107.34,Yes
CUST695,Female,0,No,No,29,119.18,7235.47,No
CUST696,Female,1,No,Yes,62,86.42,294.48,No
CUST697,Male,0,No,No,3,39.92,1754.7,Yes
CUST698,Female,0,No,Yes,58,24.5,3388.48,Yes
CUST699,Female,0,No,No,7,32.64,2916.91,No
CUST700,Male,1,No,Yes,11,76.26,7302.63,No
CUST701,Female,0,Yes,Yes,30,96.52,418.28,Yes
CUST702,Female,1,Yes,No,33,114.04,4146.5,No
CUST703,Male,0,No,No,48,21.58,5475.79,Yes
CUST704,Female,0,Yes,No,56,72.28,7460.41,Yes
CUST705,Male,0,No,Yes,25,67.09,5000.93,No
CUST706,Male,1,No,Yes,17,85.61,6449.67,Yes
CUST707,Female,0,Yes,Yes,37,75.96,761.43,No
CUST708,Female,1,No,No,49,88.7,3148.92,No
CUST709,Female,1,No,Yes,7,85.81,3054.18,No
CUST710,Female,1,No,Yes,40,31.7,7101.68,Yes
CUST711,Male,0,No,No,5,99.97,1295.83,No
CUST712,Female,0,Yes,Yes,68,32.32,1299.9,Yes
CUST713,Male,0,No,Yes,43,89.85,2695.61,No
CUST714,Female,0,No,No,63,61.61,530.28,No
CUST715,Female,1,No,Yes,28,71.39,1541.42,Yes
CUST716,Female,1,Yes,No,27,110.33,7725.16,No
CUST717,Male,1,No,No,10,108.99,3482.65,No
CUST718,Female,0,Yes,No,64,101.79,5092.95,Yes
CUST719,Female,1,Yes,No,18,71.01,5836.28,Yes
CUST720,Female,0,No,No,8,93.62,2999.0,Yes
CUST721,Female,1,No,Yes,26,71.29,1263.09,No
CUST722,Male,0,Yes,Yes,33,106.96,1731.99,Yes
CUST723,Female,0,No,No,43,60.28,2574.81,Yes
CUST724,Male,1,Yes,No,67,117.02,5124.94,No
CUST725,Male,1,Yes,Yes,14,113.23,3246.42,Yes
CUST726,Male,1,No,No,50,94.16,153.84,No
CUST727,Male,1,No,No,12,47.94,4234.92,No
CUST728,Male,0,Yes,No,48,33.17,7379.96,Yes
CUST729,Male,1,Yes,Yes,69,105.47,6515.41,No
CUST730,Female,1,Yes,Yes,55,36.53,6619.17,Yes
CUST731,Male,1,Yes,No,50,105.43,6380.96,Yes
CUST732,Male,0,No,No,36,69.08,2657.47,Yes
CUST733,Male,0,No,Yes,16,60.66,6145.03,Yes
CUST734,Female,1,No,Yes,57,110.32,1230.97,No
CUST735,Female,0,No,No,28,80.39,5295.96,No
CUST736,Male,1,No,No,32,77.66,5168.39,Yes
CUST737,Female,0,Yes,Yes,59,75.88,302.0,Yes
CUST738,Male,0,No,Yes,54,57.12,6324.96,No
CUST739,Male,0,No,Yes,9,98.56,7235.66,Yes
CUST740,Female,0,No,No,46,45.28,2212.58,No
CUST741,Male,1,No,Yes,22,113.89,6517.89,Yes
CUST742,Female,1,No,No,20,109.4,751.01,No
CUST743,Female,1,Yes,Yes,12,53.75,4839.75,No
CUST744,Male,0,Yes,Yes,32,92.95,3936.61,No
CUST745,Male,1,Yes,Yes,23,77.32,4412.8,Yes
CUST746,Female,1,No,Yes,10,53.76,7417.02,Yes
CUST747,Male,1,Yes,No,16,118.85,6983.39,Yes
CUST748,Male,0,Yes,No,67,22.52,6302.16,Yes
CUST749,Male,0,No,Yes,46,45.26,2262.22,Yes
CUST750,Female,0,No,No,24,72.01,7303.37,No
CUST751,Female,1,No,Yes,20,72.2,870.31,No
CUST752,Male,1,Yes,Yes,11,78.89,6841.3,No
CUST753,Female,1,Yes,Yes,36,95.17,2692.46,No
CUST754,Female,0,No,Yes,41,82.35,524.8,No
CUST755,Female,0,No,No,16,80.03,5387.92,No
CUST756,Female,1,Yes,Yes,47,25.35,1927.11,No
CUST757,Female,0,Yes,Yes,27,57.65,2024.21,Yes
CUST758,Male,0,No,No,40,43.21,2517.77,No
CUST759,Male,0,No,Yes,46,46.54,603.11,Yes
CUST760,Male,0,Yes,Yes,17,75.43,1499.3,No
CUST761,Female,1,No,Yes,70,39.95,140.6,No
CUST762,Female,0,Yes,No,12,49.39,3618.74,Yes
CUST763,Male,0,Yes,Yes,12,43.71,765.62,No
CUST764,Female,0,Yes,No,30,114.85,5492.96,Yes
CUST765,Male,0,Yes,Yes,1,114.47,1961.42,No
CUST766,Male,1,No,Yes,15,80.99,7554.24,Yes
CUST767,Male,1,No,No,8,112.45,6982.89,No
CUST768,Female,0,Yes,Yes,37,98.58,2386.58,Yes
CUST769,Female,0,Yes,Yes,53,78.99,6287.4,Yes
CUST770,Male,0,Yes,No,55,20.64,6445.63,No
CUST771,Male,0,Yes,No,44,97.25,7893.85,No
CUST772,Male,0,Yes,No,33,90.25,4822.94,Yes
CUST773,Male,0,No,No,8,81.53,747.53,No
CUST774,Female,1,No,No,7,96.04,5210.01,Yes
CUST775,Female,0,No,Yes,6,71.29,5037.34,No
CUST776,Male,1,No,No,35,90.41,5142.97,Yes
CUST777,Male,1,Yes,Yes,17,113.52,2526.45,No
CUST778,Female,0,Yes,Yes,2,57.58,6891.47,Yes
CUST779,Female,1,Yes,Yes,27,90.81,7679.83,No
CUST780,Male,1,Yes,No,69,67.57,1819.93,Yes
CUST781,Male,1,Yes,No,43,87.44,796.4,Yes
CUST782,Male,1,No,Yes,20,96.29,1636.83,No
CUST783,Female,1,Yes,No,27,24.55,6582.36,No
CUST784,Female,1,No,No,53,84.66,5445.49,Yes
CUST785,Female,0,No,No,53,42.67,5124.77,Yes
CUST786,Male,1,No,No,64,87.0,3274.17,Yes
CUST787,Male,1,No,Yes,20,66.83,4664.84,Yes
CUST788,Female,1,Yes,Yes,12,97.36,2532.21,No
CUST789,Female,0,No,No,56,32.34,3869.88,Yes
CUST790,Male,1,No,Yes,48,82.63,6365.2,Yes
CUST791,Female,0,No,No,53,47.85,7851.81,Yes
CUST792,Female,1,Yes,No,9,105.3,7466.66,No
CUST793,Male,0,Yes,Yes,52,112.84,7477.54,Yes
CUST794,Female,0,Yes,Yes,43,119.64,3277.57,No
CUST795,Male,1,No,Yes,46,99.6,3803.44,No
CUST796,Male,1,No,No,52,95.37,5674.52,No
CUST797,Male,0,Yes,Yes,45,41.55,7385.32,No
CUST798,Male,1,No,No,12,53.6,1221.75,No
CUST799,Male,0,Yes,Yes,36,66.57,2503.51,No
CUST800,Male,0,Yes,Yes,23,97.34,1200.05,No
CUST801,Male,0,No,No,1,111.5,4934.87,Yes
CUST802,Female,0,No,No,13,38.91,2519.78,Yes
CUST803,Male,0,No,No,9,112.24,2676.25,No
CUST804,Male,1,No,No,34,89.56,660.24,Yes
CUST805,Female,0,Yes,No,24,81.08,2863.39,Yes
CUST806,Female,0,Yes,No,2,39.98,6913.72,No
CUST807,Female,1,Yes,No,16,25.55,1941.28,Yes
CUST808,Male,0,Yes,No,11,76.85,5591.98,No
CUST809,Female,1,Yes,Yes,53,85.15,5074.06,Yes
CUST810,Male,1,No,No,23,41.08,6921.53,No
CUST811,Male,1,Yes,No,28,75.65,1145.07,No
CUST812,Male,0,Yes,Yes,42,105.65,7822.96,Yes
CUST813,Male,0,Yes,No,24,103.51,4702.77,Yes
CUST814,Female,0,No,Yes,59,112.74,7964.25,No
CUST815,Female,1,No,Yes,64,56.59,7300.97,No
CUST816,Male,0,No,No,27,51.8,1849.99,No
CUST817,Male,1,No,Yes,15,94.94,543.68,Yes
CUST818,Male,0,Yes,No,46,63.11,2119.55,Yes
CUST819,Female,1,Yes,Yes,57,28.75,4267.75,Yes
CUST820,Male,0,No,Yes,26,48.28,1455.61,Yes
CUST821,Male,0,No,Yes,52,61.86,1422.93,No
CUST822,Female,0,Yes,No,41,49.25,3754.49,No
CUST823,Female,1,Yes,No,58,53.22,362.82,No
CUST824,Male,1,No,Yes,46,49.38,1062.92,No
CUST825,Female,0,No,Yes,33,24.15,3385.3,Yes
CUST826,Female,0,No,No,36,83.71,598.73,No
CUST827,Male,1,No,No,5,79.73,3234.36,No
CUST828,Female,1,Yes,Yes,6,85.34,3844.65,Yes
CUST829,Male,1,Yes,Yes,24,39.23,3665.01,Yes
CUST830,Female,0,Yes,No,32,49.57,6966.48,No
CUST831,Male,1,No,No,54,81.96,4287.49,Yes
CUST832,Male,0,No,No,57,79.96,3797.05,No
CUST833,Male,1,Yes,No,6,70.63,3344.6,Yes
CUST834,Female,0,Yes,No,56,55.04,6559.22,Yes
CUST835,Male,1,Yes,Yes,11,111.29,7170.95,No
CUST836,Female,1,Yes,No,15,53.98,6840.62,Yes
CUST837,Male,1,No,Yes,42,65.56,5421.02,No
CUST838,Male,1,Yes,No,6,87.81,1185.16,Yes
CUST839,Female,1,Yes,Yes,50,74.3,2287.27,Yes
CUST840,Male,0,Yes,No,31,54.69,463.9,Yes
CUST841,Male,1,Yes,No,7,63.56,7453.51,Yes
CUST842,Female,1,Yes,Yes,71,99.45,5320.31,Yes
CUST843,Male,1,Yes,Yes,44,47.81,5996.27,No
CUST844,Male,0,Yes,No,58,34.23,2561.42,Yes
CUST845,Male,1,No,No,3,51.32,6780.66,No
CUST846,Male,0,No,No,66,104.95,2150.87,Yes
CUST847,Female,1,No,No,28,28.9,112.99,No
CUST848,Female,1,No,No,28,119.17,3073.68,Yes
CUST849,Male,0,Yes,Yes,27,74.1,4609.02,No
CUST850,Female,1,No,Yes,43,118.48,3881.77,No
CUST851,Male,0,No,No,3,113.9,6910.4,Yes
CUST852,Female,0,Yes,Yes,8,65.28,932.7,Yes
CUST853,Male,1,Yes,Yes,4,39.85,4475.21,Yes
CUST854,Male,0,No,Yes,55,36.49,4152.54,No
CUST855,Male,1,No,No,49,44.0,2323.0,No
CUST856,Male,1,Yes,Yes,14,91.01,6595.6,Yes
CUST857,Male,0,No,No,31,47.29,6047.5,Yes
CUST858,Male,0,Yes,Yes,27,54.14,5889.59,No
CUST859,Female,0,Yes,No,21,64.88,7021.92,No
CUST860,Male,0,Yes,Yes,16,111.32,5810.0,Yes
CUST861,Female,1,Yes,No,58,38.94,1931.55,No
CUST862,Male,1,No,No,70,20.5,5673.95,Yes
CUST863,Female,0,Yes,Yes,56,26.01,2530.85,Yes
CUST864,Female,1,Yes,No,25,110.48,2013.18,Yes
CUST865,Female,1,No,No,24,84.75,676.73,No
CUST866,Male,1,Yes,No,9,47.3,5977.83,No
CUST867,Male,1,No,No,44,37.72,5716.91,No
CUST868,Female,0,No,No,10,49.43,1952.55,No
CUST869,Male,0,No,No,52,31.48,6020.09,Yes
CUST870,Female,1,Yes,No,71,114.15,7350.94,No
CUST871,Male,0,No,No,67,98.42,953.43,Yes
CUST872,Female,0,No,Yes,27,66.24,1937.83,Yes
CUST873,Female,0,Yes,Yes,64,106.5,6027.06,Yes
CUST874,Male,1,No,No,48,44.95,2268.6,No
CUST875,Female,1,No,No,46,91.71,5034.85,Yes
CUST876,Male,1,No,Yes,51,105.61,741.2,Yes
CUST877,Female,0,No,Yes,53,55.68,3672.4,No
CUST878,Female,1,No,Yes,59,95.75,5938.82,Yes
CUST879,Male,1,Yes,No,56,49.51,5523.46,No
CUST880,Male,0,No,Yes,46,49.89,6539.07,No
CUST881,Male,1,No,No,30,30.71,7031.87,No
CUST882,Female,1,Yes,No,45,64.01,6208.15,Yes
CUST883,Male,0,Yes,Yes,25,92.97,5405.54,No
CUST884,Female,0,Yes,No,4,114.02,350.61,No
CUST885,Female,0,No,No,51,80.38,4326.24,No
CUST886,Male,1,Yes,No,53,106.31,397.81,No
CUST887,Male,1,No,No,32,102.25,6483.74,Yes
CUST888,Female,1,No,Yes,49,37.33,2633.72,No
CUST889,Female,0,Yes,Yes,37,68.58,4543.19,Yes
CUST890,Male,0,Yes,No,26,31.69,2307.62,No
CUST891,Male,1,No,No,14,88.22,6281.75,Yes
CUST892,Male,1,Yes,Yes,60,114.99,7103.37,No
CUST893,Male,0,No,No,20,33.71,3249.28,Yes
CUST894,Male,0,Yes,Yes,45,93.39,6917.09,No
CUST895,Female,0,Yes,No,68,83.22,2209.89,Yes
CUST896,Female,0,Yes,No,5,78.36,4323.82,Yes
CUST897,Female,1,No,Yes,37,59.01,6884.22,Yes
CUST898,Female,0,Yes,Yes,61,55.51,2674.46,No
CUST899,Male,1,No,Yes,61,24.52,7636.93,Yes
CUST900,Male,1,No,Yes,45,41.79,1062.85,Yes
CUST901,Male,1,No,No,12,21.52,244.37,Yes
CUST902,Female,0,No,Yes,2,78.14,7242.67,Yes
CUST903,Female,0,Yes,No,5,30.59,642.32,No
CUST904,Male,0,No,Yes,7,107.3,7935.92,Yes
CUST905,Male,0,No,Yes,43,72.31,7616.04,Yes
CUST906,Female,1,Yes,No,32,89.97,1182.47,Yes
CUST907,Female,0,No,Yes,49,61.09,4346.92,No
CUST908,Male,0,Yes,Yes,10,76.06,1560.87,Yes
CUST909,Male,1,No,Yes,27,114.27,3482.43,Yes
CUST910,Female,0,Yes,Yes,69,28.27,585.26,Yes
CUST911,Male,1,No,No,40,45.39,1869.0,Yes
CUST912,Male,1,Yes,No,15,98.0,2969.86,No
CUST913,Male,1,No,Yes,67,29.87,3565.32,Yes
CUST914,Female,1,No,Yes,47,27.57,7822.22,Yes
CUST915,Female,1,Yes,Yes,55,56.15,6482.14,No
CUST916,Female,1,Yes,No,63,29.22,5925.54,No
CUST917,Female,1,Yes,No,58,78.51,4342.63,No
CUST918,Female,1,Yes,No,61,42.63,6735.98,Yes
CUST919,Female,0,No,No,10,109.57,2780.65,No
CUST920,Female,0,No,Yes,17,98.35,5700.3,Yes
CUST921,Male,0,Yes,Yes,18,89.97,7950.89,No
CUST922,Male,0,No,Yes,54,81.69,2585.57,Yes
CUST923,Male,1,Yes,No,25,106.35,5424.74,No
CUST924,Male,0,Yes,Yes,5,42.31,6770.09,Yes
CUST925,Male,1,No,No,3,107.31,7334.88,No
CUST926,Male,0,No,No,28,98.95,5771.67,Yes
CUST927,Male,0,No,Yes,58,94.82,2340.5,Yes
CUST928,Female,0,No,Yes,16,76.13,2677.63,Yes
CUST929,Female,1,No,Yes,42,44.62,263.99,Yes
CUST930,Male,0,No,No,65,62.35,6111.0,Yes
CUST931,Male,1,No,No,33,99.36,437.64,Yes
CUST932,Female,1,Yes,Yes,7,23.18,6930.75,Yes
CUST933,Male,0,Yes,Yes,12,98.21,1037.42,Yes
CUST934,Male,0,Yes,No,7,44.01,1457.82,No
CUST935,Female,0,Yes,Yes,64,34.43,3864.56,Yes
CUST936,Male,1,Yes,No,42,31.57,5929.26,Yes
CUST937,Female,0,No,No,38,22.73,1198.12,No
CUST938,Male,1,Yes,Yes,58,72.36,3576.56,Yes
CUST939,Female,1,Yes,Yes,43,41.83,3914.53,No
CUST940,Female,0,Yes,Yes,8,118.94,1777.06,Yes
CUST941,Female,0,Yes,Yes,36,77.44,1012.91,No
CUST942,Male,1,Yes,No,35,33.79,6707.73,No
CUST943,Female,1,Yes,No,27,88.88,4069.48,Yes
CUST944,Male,1,Yes,No,41,109.77,213.61,No
CUST945,Male,0,No,Yes,42,94.52,6443.55,Yes
CUST946,Male,1,No,No,41,27.64,7848.27,Yes
CUST947,Male,0,Yes,Yes,65,109.59,4886.82,Yes
CUST948,Female,1,No,Yes,54,99.39,4079.3,Yes
CUST949,Female,1,No,Yes,71,35.83,7039.49,No
CUST950,Male,0,No,Yes,47,25.18,7624.88,Yes
CUST951,Male,1,No,Yes,21,75.73,6060.84,No
CUST952,Female,0,Yes,Yes,26,35.6,3619.08,No
CUST953,Male,0,No,No,66,103.46,4778.55,Yes
CUST954,Female,1,No,Yes,12,55.83,5637.39,Yes
CUST955,Male,0,No,No,44,111.29,1634.76,Yes
CUST956,Male,0,Yes,No,9,76.57,3632.89,Yes
CUST957,Female,1,Yes,Yes,8,38.27,6655.59,No
CUST958,Male,0,Yes,Yes,53,33.96,5272.33,Yes
CUST959,Female,0,Yes,Yes,26,77.65,3348.51,No
CUST960,Male,0,Yes,No,33,96.19,5340.56,Yes
CUST961,Male,1,Yes,Yes,0,98.15,1033.96,Yes
CUST962,Male,0,Yes,No,31,47.58,3271.83,Yes
CUST963,Female,1,No,Yes,70,40.42,6365.72,Yes
CUST964,Male,1,No,Yes,66,21.68,1842.02,No
CUST965,Male,0,No,No,19,87.92,1569.1,No
CUST966,Male,0,Yes,No,34,27.66,7611.47,Yes
CUST967,Male,0,Yes,Yes,16,62.08,1758.19,No
CUST968,Female,1,Yes,No,17,80.17,2161.26,No
CUST969,Female,0,Yes,No,44,113.71,7759.97,Yes
CUST970,Male,0,Yes,No,52,51.18,5904.2,Yes
CUST971,Female,0,No,No,67,44.98,5626.81,No
CUST972,Male,0,No,No,64,85.42,6838.12,No
CUST973,Male,0,Yes,Yes,0,81.92,1015.0,No
CUST974,Male,1,Yes,Yes,57,53.21,5677.05,No
CUST975,Female,1,Yes,No,25,112.81,4079.14,Yes
CUST976,Female,0,Yes,Yes,19,104.49,6650.29,Yes
CUST977,Female,0,No,Yes,9,42.4,4114.32,No
CUST978,Female,0,Yes,No,58,43.91,4999.91,Yes
CUST979,Female,0,Yes,Yes,40,71.23,3874.16,No
CUST980,Female,1,Yes,No,4,97.36,3877.46,No
CUST981,Female,0,Yes,No,64,24.4,6166.96,Yes
CUST982,Female,1,No,Yes,16,89.33,5065.67,No
CUST983,Female,1,Yes,No,21,84.82,5102.78,No
CUST984,Male,0,Yes,No,40,43.15,3657.23,Yes
CUST985,Female,1,No,No,67,88.14,4295.77,Yes
CUST986,Female,1,No,No,68,114.02,5991.17,No
CUST987,Female,1,No,No,10,24.68,6624.93,No
CUST988,Female,1,Yes,Yes,55,51.97,5602.84,Yes
CUST989,Female,0,Yes,Yes,50,63.82,7400.18,No
CUST990,Female,0,No,No,20,109.93,6580.56,No
CUST991,Female,1,No,No,25,116.23,4538.72,Yes
CUST992,Female,0,No,Yes,18,64.41,5404.11,Yes
CUST993,Female,0,No,No,59,95.0,7417.84,Yes
CUST994,Female,0,No,Yes,70,73.17,4991.43,Yes
CUST995,Female,0,No,No,46,73.78,6615.97,Yes
CUST996,Male,0,Yes,No,70,47.81,5541.6,Yes
CUST997,Male,1,Yes,No,25,41.7,4460.3,No
CUST998,Female,0,Yes,No,39,48.8,2010.52,No
CUST999,Female,0,No,No,4,75.63,3465.38,Yes
CUST1000,Male,0,No,No,20,22.92,7745.17,Yes
